"Registry name","Class","Ticking?"
"ars_nouveau:arcane_core","com.hollingsworth.arsnouveau.common.block.tile.ArcaneCoreTile","yes"
"ars_nouveau:arcane_pedestal","com.hollingsworth.arsnouveau.common.block.tile.ArcanePedestalTile","yes"
"ars_nouveau:arcane_relay","com.hollingsworth.arsnouveau.common.block.tile.ArcaneRelayTile","yes"
"ars_nouveau:arcane_relay_splitter","com.hollingsworth.arsnouveau.common.block.tile.ArcaneRelaySplitterTile","yes"
"ars_nouveau:creative_mana_jar","com.hollingsworth.arsnouveau.common.block.tile.CreativeManaJarTile","yes"
"ars_nouveau:crystallizer","com.hollingsworth.arsnouveau.common.block.tile.CrystallizerTile","yes"
"ars_nouveau:enchanting_apparatus","com.hollingsworth.arsnouveau.common.block.tile.EnchantingApparatusTile","yes"
"ars_nouveau:glyph_press","com.hollingsworth.arsnouveau.common.block.tile.GlyphPressTile","yes"
"ars_nouveau:intangible_air","com.hollingsworth.arsnouveau.common.block.tile.IntangibleAirTile","yes"
"ars_nouveau:light_block","com.hollingsworth.arsnouveau.common.block.tile.LightTile","-"
"ars_nouveau:mana_condenser","com.hollingsworth.arsnouveau.common.block.tile.ManaCondenserTile","yes"
"ars_nouveau:mana_jar","com.hollingsworth.arsnouveau.common.block.tile.ManaJarTile","yes"
"ars_nouveau:phantom_block","com.hollingsworth.arsnouveau.common.block.tile.PhantomBlockTile","yes"
"ars_nouveau:portal","com.hollingsworth.arsnouveau.common.block.tile.PortalTile","yes"
"ars_nouveau:potion_jar","com.hollingsworth.arsnouveau.common.block.tile.PotionJarTile","yes"
"ars_nouveau:potion_melder","com.hollingsworth.arsnouveau.common.block.tile.PotionMelderTile","yes"
"ars_nouveau:ritual","com.hollingsworth.arsnouveau.common.block.tile.RitualTile","yes"
"ars_nouveau:rune","com.hollingsworth.arsnouveau.common.block.tile.RuneTile","yes"
"ars_nouveau:scribes_table","com.hollingsworth.arsnouveau.common.block.tile.ScribesTile","yes"
"ars_nouveau:spell_turret","com.hollingsworth.arsnouveau.common.block.tile.SpellTurretTile","-"
"ars_nouveau:summoning_crystal","com.hollingsworth.arsnouveau.common.block.tile.SummoningCrystalTile","yes"
"ars_nouveau:volcanic_accumulator","com.hollingsworth.arsnouveau.common.block.tile.VolcanicTile","yes"
"ars_nouveau:wixie_cauldron","com.hollingsworth.arsnouveau.common.block.tile.WixieCauldronTile","yes"
"bloodmagic:alchemicalreactionchamber","wayoftime.bloodmagic.tile.TileAlchemicalReactionChamber","yes"
"bloodmagic:alchemyarray","wayoftime.bloodmagic.tile.TileAlchemyArray","yes"
"bloodmagic:alchemytable","wayoftime.bloodmagic.tile.TileAlchemyTable","yes"
"bloodmagic:altar","wayoftime.bloodmagic.tile.TileAltar","yes"
"bloodmagic:deforester_charge","wayoftime.bloodmagic.tile.TileDeforesterCharge","yes"
"bloodmagic:demoncrucible","wayoftime.bloodmagic.tile.TileDemonCrucible","yes"
"bloodmagic:demoncrystal","wayoftime.bloodmagic.tile.TileDemonCrystal","yes"
"bloodmagic:demoncrystallizer","wayoftime.bloodmagic.tile.TileDemonCrystallizer","yes"
"bloodmagic:fungal_charge","wayoftime.bloodmagic.tile.TileFungalCharge","yes"
"bloodmagic:incensealtar","wayoftime.bloodmagic.tile.TileIncenseAltar","yes"
"bloodmagic:masterritualstone","wayoftime.bloodmagic.tile.TileMasterRitualStone","yes"
"bloodmagic:mimic","wayoftime.bloodmagic.tile.TileMimic","-"
"bloodmagic:shaped_explosive","wayoftime.bloodmagic.tile.TileShapedExplosive","yes"
"bloodmagic:soulforge","wayoftime.bloodmagic.tile.TileSoulForge","yes"
"bloodmagic:veinmine_charge","wayoftime.bloodmagic.tile.TileVeinMineCharge","yes"
"botania:agricarnation","vazkii.botania.common.block.subtile.functional.SubTileAgricarnation","yes"
"botania:agricarnation_chibi","vazkii.botania.common.block.subtile.functional.SubTileAgricarnation$Mini","yes"
"botania:alfheim_portal","vazkii.botania.common.block.tile.TileAlfPortal","yes"
"botania:altar","vazkii.botania.common.block.tile.TileAltar","yes"
"botania:animated_torch","vazkii.botania.common.block.tile.TileAnimatedTorch","yes"
"botania:avatar","vazkii.botania.common.block.tile.TileAvatar","yes"
"botania:bellethorn","vazkii.botania.common.block.subtile.functional.SubTileBellethorn","yes"
"botania:bellethorn_chibi","vazkii.botania.common.block.subtile.functional.SubTileBellethorn$Mini","yes"
"botania:bellows","vazkii.botania.common.block.tile.mana.TileBellows","yes"
"botania:bergamute","vazkii.botania.common.block.subtile.functional.SubTileBergamute","yes"
"botania:bifrost","vazkii.botania.common.block.tile.TileBifrost","yes"
"botania:brewery","vazkii.botania.common.block.tile.TileBrewery","yes"
"botania:bubbell","vazkii.botania.common.block.subtile.functional.SubTileBubbell","yes"
"botania:bubbell_chibi","vazkii.botania.common.block.subtile.functional.SubTileBubbell$Mini","yes"
"botania:cacophonium_block","vazkii.botania.common.block.tile.TileCacophonium","-"
"botania:cell_block","vazkii.botania.common.block.tile.TileCell","-"
"botania:clayconia","vazkii.botania.common.block.subtile.functional.SubTileClayconia","yes"
"botania:clayconia_chibi","vazkii.botania.common.block.subtile.functional.SubTileClayconia$Mini","yes"
"botania:cocoon","vazkii.botania.common.block.tile.TileCocoon","yes"
"botania:corporea_crystal_cube","vazkii.botania.common.block.tile.corporea.TileCorporeaCrystalCube","yes"
"botania:corporea_funnel","vazkii.botania.common.block.tile.corporea.TileCorporeaFunnel","-"
"botania:corporea_index","vazkii.botania.common.block.tile.corporea.TileCorporeaIndex","yes"
"botania:corporea_interceptor","vazkii.botania.common.block.tile.corporea.TileCorporeaInterceptor","-"
"botania:corporea_retainer","vazkii.botania.common.block.tile.corporea.TileCorporeaRetainer","-"
"botania:crafty_crate","vazkii.botania.common.block.tile.TileCraftCrate","yes"
"botania:daffomill","vazkii.botania.common.block.subtile.functional.SubTileDaffomill","yes"
"botania:dandelifeon","vazkii.botania.common.block.subtile.generating.SubTileDandelifeon","yes"
"botania:dreadthorn","vazkii.botania.common.block.subtile.functional.SubTileDreadthorn","yes"
"botania:enchanter","vazkii.botania.common.block.tile.TileEnchanter","yes"
"botania:ender_eye_block","vazkii.botania.common.block.tile.TileEnderEye","yes"
"botania:endoflame","vazkii.botania.common.block.subtile.generating.SubTileEndoflame","yes"
"botania:entropinnyum","vazkii.botania.common.block.subtile.generating.SubTileEntropinnyum","yes"
"botania:exoflame","vazkii.botania.common.block.subtile.functional.SubTileExoflame","yes"
"botania:fake_air","vazkii.botania.common.block.tile.TileFakeAir","-"
"botania:fallen_kanade","vazkii.botania.common.block.subtile.functional.SubTileFallenKanade","yes"
"botania:forest_eye","vazkii.botania.common.block.tile.TileForestEye","yes"
"botania:gaia_head","vazkii.botania.common.block.tile.TileGaiaHead","yes"
"botania:gourmaryllis","vazkii.botania.common.block.subtile.generating.SubTileGourmaryllis","yes"
"botania:heisei_dream","vazkii.botania.common.block.subtile.functional.SubTileHeiseiDream","yes"
"botania:hopperhock","vazkii.botania.common.block.subtile.functional.SubTileHopperhock","yes"
"botania:hopperhock_chibi","vazkii.botania.common.block.subtile.functional.SubTileHopperhock$Mini","yes"
"botania:hourglass","vazkii.botania.common.block.tile.TileHourglass","yes"
"botania:hyacidus","vazkii.botania.common.block.subtile.functional.SubTileHyacidus","yes"
"botania:hydroangeas","vazkii.botania.common.block.subtile.generating.SubTileHydroangeas","yes"
"botania:incense_plate","vazkii.botania.common.block.tile.TileIncensePlate","yes"
"botania:jaded_amaranthus","vazkii.botania.common.block.subtile.functional.SubTileJadedAmaranthus","yes"
"botania:jiyuulia","vazkii.botania.common.block.subtile.functional.SubTileJiyuulia","yes"
"botania:kekimurus","vazkii.botania.common.block.subtile.generating.SubTileKekimurus","yes"
"botania:labelia","vazkii.botania.common.block.subtile.functional.SubTileLabelia","yes"
"botania:light_relay","vazkii.botania.common.block.tile.TileLightRelay","yes"
"botania:loonium","vazkii.botania.common.block.subtile.functional.SubTileLoonuim","yes"
"botania:mana_detector","vazkii.botania.common.block.tile.mana.TileManaDetector","yes"
"botania:mana_distributor","vazkii.botania.common.block.tile.mana.TileDistributor","yes"
"botania:mana_flame","vazkii.botania.common.block.tile.TileManaFlame","-"
"botania:mana_fluxfield","vazkii.botania.common.block.tile.mana.TileRFGenerator","yes"
"botania:mana_pool","vazkii.botania.common.block.tile.mana.TilePool","yes"
"botania:mana_pylon","vazkii.botania.common.block.tile.TilePylon","yes"
"botania:mana_spreader","vazkii.botania.common.block.tile.mana.TileSpreader","yes"
"botania:mana_void","vazkii.botania.common.block.tile.mana.TileManaVoid","-"
"botania:manastar","vazkii.botania.common.block.subtile.SubTileManastar","yes"
"botania:marimorphosis","vazkii.botania.common.block.subtile.functional.SubTileMarimorphosis","yes"
"botania:marimorphosis_chibi","vazkii.botania.common.block.subtile.functional.SubTileMarimorphosis$Mini","yes"
"botania:medumone","vazkii.botania.common.block.subtile.functional.SubTileMedumone","yes"
"botania:mini_island","vazkii.botania.common.block.tile.TileFloatingFlower","-"
"botania:munchdew","vazkii.botania.common.block.subtile.generating.SubTileMunchdew","yes"
"botania:narslimmus","vazkii.botania.common.block.subtile.generating.SubTileNarslimmus","yes"
"botania:open_crate","vazkii.botania.common.block.tile.TileOpenCrate","yes"
"botania:orechid","vazkii.botania.common.block.subtile.functional.SubTileOrechid","yes"
"botania:orechid_ignem","vazkii.botania.common.block.subtile.functional.SubTileOrechidIgnem","yes"
"botania:platform","vazkii.botania.common.block.tile.TilePlatform","-"
"botania:pollidisiac","vazkii.botania.common.block.subtile.functional.SubTilePollidisiac","yes"
"botania:prism","vazkii.botania.common.block.tile.mana.TilePrism","-"
"botania:pump","vazkii.botania.common.block.tile.mana.TilePump","yes"
"botania:pure_daisy","vazkii.botania.common.block.subtile.SubTilePureDaisy","yes"
"botania:rafflowsia","vazkii.botania.common.block.subtile.generating.SubTileRafflowsia","yes"
"botania:rannuncarpus","vazkii.botania.common.block.subtile.functional.SubTileRannuncarpus","yes"
"botania:rannuncarpus_chibi","vazkii.botania.common.block.subtile.functional.SubTileRannuncarpus$Mini","yes"
"botania:red_string_comparator","vazkii.botania.common.block.tile.string.TileRedStringComparator","yes"
"botania:red_string_container","vazkii.botania.common.block.tile.string.TileRedStringContainer","yes"
"botania:red_string_dispenser","vazkii.botania.common.block.tile.string.TileRedStringDispenser","yes"
"botania:red_string_fertilizer","vazkii.botania.common.block.tile.string.TileRedStringFertilizer","yes"
"botania:red_string_interceptor","vazkii.botania.common.block.tile.string.TileRedStringInterceptor","yes"
"botania:red_string_relay","vazkii.botania.common.block.tile.string.TileRedStringRelay","yes"
"botania:rosa_arcana","vazkii.botania.common.block.subtile.generating.SubTileArcaneRose","yes"
"botania:runic_altar","vazkii.botania.common.block.tile.TileRuneAltar","yes"
"botania:shulk_me_not","vazkii.botania.common.block.subtile.generating.SubTileShulkMeNot","yes"
"botania:solegnolia","vazkii.botania.common.block.subtile.functional.SubTileSolegnolia","yes"
"botania:solegnolia_chibi","vazkii.botania.common.block.subtile.functional.SubTileSolegnolia$Mini","yes"
"botania:spark_changer","vazkii.botania.common.block.tile.TileSparkChanger","-"
"botania:spawner_claw","vazkii.botania.common.block.tile.TileSpawnerClaw","yes"
"botania:spectranthemum","vazkii.botania.common.block.subtile.functional.SubTileSpectranthemum","yes"
"botania:spectrolus","vazkii.botania.common.block.subtile.generating.SubTileSpectrolus","yes"
"botania:starfield","vazkii.botania.common.block.tile.TileStarfield","yes"
"botania:tangleberrie","vazkii.botania.common.block.subtile.functional.SubTileTangleberrie","yes"
"botania:terra_plate","vazkii.botania.common.block.tile.TileTerraPlate","yes"
"botania:teru_teru_bozu","vazkii.botania.common.block.tile.TileTeruTeruBozu","yes"
"botania:thermalily","vazkii.botania.common.block.subtile.generating.SubTileThermalily","yes"
"botania:tigerseye","vazkii.botania.common.block.subtile.functional.SubTileTigerseye","yes"
"botania:tiny_planet_block","vazkii.botania.common.block.tile.TileTinyPlanet","yes"
"botania:tiny_potato","vazkii.botania.common.block.tile.TileTinyPotato","yes"
"botania:turntable","vazkii.botania.common.block.tile.mana.TileTurntable","yes"
"botania:vinculotus","vazkii.botania.common.block.subtile.functional.SubTileVinculotus","yes"
"bountiful:bounty-te","ejektaflex.bountiful.block.BoardTileEntity","yes"
"cofh_core:ender_air","cofh.core.tileentity.EnderAirTile","yes"
"cofh_core:glow_air","cofh.core.tileentity.GlowAirTile","yes"
"cofh_core:lightning_air","cofh.core.tileentity.LightningAirTile","yes"
"cofh_core:signal_air","cofh.core.tileentity.SignalAirTile","yes"
"create:adjustable_crate","com.simibubi.create.content.logistics.block.inventories.AdjustableCrateTileEntity","yes"
"create:adjustable_pulley","com.simibubi.create.content.contraptions.relays.encased.AdjustablePulleyTileEntity","yes"
"create:adjustable_pulse_repeater","com.simibubi.create.content.logistics.block.diodes.AdjustablePulseRepeaterTileEntity","yes"
"create:adjustable_repeater","com.simibubi.create.content.logistics.block.diodes.AdjustableRepeaterTileEntity","yes"
"create:analog_lever","com.simibubi.create.content.logistics.block.redstone.AnalogLeverTileEntity","yes"
"create:andesite_tunnel","com.simibubi.create.content.logistics.block.belts.tunnel.BeltTunnelTileEntity","yes"
"create:basin","com.simibubi.create.content.contraptions.processing.BasinTileEntity","yes"
"create:belt","com.simibubi.create.content.contraptions.relays.belt.BeltTileEntity","yes"
"create:blaze_heater","com.simibubi.create.content.contraptions.processing.burner.BlazeBurnerTileEntity","yes"
"create:brass_tunnel","com.simibubi.create.content.logistics.block.belts.tunnel.BrassTunnelTileEntity","yes"
"create:cart_assembler","com.simibubi.create.content.contraptions.components.structureMovement.mounted.CartAssemblerTileEntity","yes"
"create:chassis","com.simibubi.create.content.contraptions.components.structureMovement.chassis.ChassisTileEntity","yes"
"create:chute","com.simibubi.create.content.logistics.block.chute.ChuteTileEntity","yes"
"create:clockwork_bearing","com.simibubi.create.content.contraptions.components.structureMovement.bearing.ClockworkBearingTileEntity","yes"
"create:clutch","com.simibubi.create.content.contraptions.relays.encased.ClutchTileEntity","yes"
"create:content_observer","com.simibubi.create.content.logistics.block.redstone.ContentObserverTileEntity","yes"
"create:creative_crate","com.simibubi.create.content.logistics.block.inventories.CreativeCrateTileEntity","yes"
"create:creative_fluid_tank","com.simibubi.create.content.contraptions.fluids.tank.CreativeFluidTankTileEntity","yes"
"create:crushing_wheel","com.simibubi.create.content.contraptions.components.crusher.CrushingWheelTileEntity","yes"
"create:crushing_wheel_controller","com.simibubi.create.content.contraptions.components.crusher.CrushingWheelControllerTileEntity","yes"
"create:cuckoo_clock","com.simibubi.create.content.contraptions.components.clock.CuckooClockTileEntity","yes"
"create:deployer","com.simibubi.create.content.contraptions.components.deployer.DeployerTileEntity","yes"
"create:depot","com.simibubi.create.content.logistics.block.depot.DepotTileEntity","yes"
"create:drill","com.simibubi.create.content.contraptions.components.actors.DrillTileEntity","yes"
"create:encased_fan","com.simibubi.create.content.contraptions.components.fan.EncasedFanTileEntity","yes"
"create:encased_fluid_pipe","com.simibubi.create.content.contraptions.fluids.pipes.FluidPipeTileEntity","yes"
"create:encased_shaft","com.simibubi.create.content.contraptions.relays.encased.EncasedShaftTileEntity","yes"
"create:fluid_pipe","com.simibubi.create.content.contraptions.fluids.pipes.FluidPipeTileEntity","yes"
"create:fluid_tank","com.simibubi.create.content.contraptions.fluids.tank.FluidTankTileEntity","yes"
"create:fluid_valve","com.simibubi.create.content.contraptions.fluids.pipes.FluidValveTileEntity","yes"
"create:flywheel","com.simibubi.create.content.contraptions.components.flywheel.FlywheelTileEntity","yes"
"create:funnel","com.simibubi.create.content.logistics.block.funnel.FunnelTileEntity","yes"
"create:furnace_engine","com.simibubi.create.content.contraptions.components.flywheel.engine.FurnaceEngineTileEntity","yes"
"create:gantry_pinion","com.simibubi.create.content.contraptions.components.structureMovement.gantry.GantryCarriageTileEntity","yes"
"create:gantry_shaft","com.simibubi.create.content.contraptions.relays.advanced.GantryShaftTileEntity","yes"
"create:gearbox","com.simibubi.create.content.contraptions.relays.gearbox.GearboxTileEntity","yes"
"create:gearshift","com.simibubi.create.content.contraptions.relays.gearbox.GearshiftTileEntity","yes"
"create:glass_fluid_pipe","com.simibubi.create.content.contraptions.fluids.pipes.StraightPipeTileEntity","yes"
"create:hand_crank","com.simibubi.create.content.contraptions.components.crank.HandCrankTileEntity","yes"
"create:harvester","com.simibubi.create.content.contraptions.components.actors.HarvesterTileEntity","-"
"create:hose_pulley","com.simibubi.create.content.contraptions.fluids.actors.HosePulleyTileEntity","yes"
"create:item_drain","com.simibubi.create.content.contraptions.fluids.actors.ItemDrainTileEntity","yes"
"create:mechanical_arm","com.simibubi.create.content.logistics.block.mechanicalArm.ArmTileEntity","yes"
"create:mechanical_bearing","com.simibubi.create.content.contraptions.components.structureMovement.bearing.MechanicalBearingTileEntity","yes"
"create:mechanical_crafter","com.simibubi.create.content.contraptions.components.crafter.MechanicalCrafterTileEntity","yes"
"create:mechanical_mixer","com.simibubi.create.content.contraptions.components.mixer.MechanicalMixerTileEntity","yes"
"create:mechanical_piston","com.simibubi.create.content.contraptions.components.structureMovement.piston.MechanicalPistonTileEntity","yes"
"create:mechanical_press","com.simibubi.create.content.contraptions.components.press.MechanicalPressTileEntity","yes"
"create:mechanical_pump","com.simibubi.create.content.contraptions.fluids.PumpTileEntity","yes"
"create:millstone","com.simibubi.create.content.contraptions.components.millstone.MillstoneTileEntity","yes"
"create:motor","com.simibubi.create.content.contraptions.components.motor.CreativeMotorTileEntity","yes"
"create:nixie_tube","com.simibubi.create.content.logistics.block.redstone.NixieTubeTileEntity","yes"
"create:nozzle","com.simibubi.create.content.contraptions.components.fan.NozzleTileEntity","yes"
"create:portable_fluid_interface","com.simibubi.create.content.contraptions.components.actors.PortableFluidInterfaceTileEntity","yes"
"create:portable_storage_interface","com.simibubi.create.content.contraptions.components.actors.PortableItemInterfaceTileEntity","yes"
"create:redstone_link","com.simibubi.create.content.logistics.block.redstone.RedstoneLinkTileEntity","yes"
"create:rope_pulley","com.simibubi.create.content.contraptions.components.structureMovement.pulley.PulleyTileEntity","yes"
"create:rotation_speed_controller","com.simibubi.create.content.contraptions.relays.advanced.SpeedControllerTileEntity","yes"
"create:saw","com.simibubi.create.content.contraptions.components.saw.SawTileEntity","yes"
"create:schematic_table","com.simibubi.create.content.schematics.block.SchematicTableTileEntity","yes"
"create:schematicannon","com.simibubi.create.content.schematics.block.SchematicannonTileEntity","yes"
"create:sequenced_gearshift","com.simibubi.create.content.contraptions.relays.advanced.sequencer.SequencedGearshiftTileEntity","yes"
"create:simple_kinetic","com.simibubi.create.content.contraptions.relays.elementary.SimpleKineticTileEntity","yes"
"create:smart_chute","com.simibubi.create.content.logistics.block.chute.SmartChuteTileEntity","yes"
"create:smart_fluid_pipe","com.simibubi.create.content.contraptions.fluids.pipes.SmartFluidPipeTileEntity","yes"
"create:speedometer","com.simibubi.create.content.contraptions.relays.gauge.SpeedGaugeTileEntity","yes"
"create:spout","com.simibubi.create.content.contraptions.fluids.actors.SpoutTileEntity","yes"
"create:sticker","com.simibubi.create.content.contraptions.components.structureMovement.chassis.StickerTileEntity","yes"
"create:stockpile_switch","com.simibubi.create.content.logistics.block.redstone.StockpileSwitchTileEntity","yes"
"create:stressometer","com.simibubi.create.content.contraptions.relays.gauge.StressGaugeTileEntity","yes"
"create:turntable","com.simibubi.create.content.contraptions.components.turntable.TurntableTileEntity","yes"
"create:water_wheel","com.simibubi.create.content.contraptions.components.waterwheel.WaterWheelTileEntity","yes"
"create:weighted_ejector","com.simibubi.create.content.logistics.block.depot.EjectorTileEntity","yes"
"create:windmill_bearing","com.simibubi.create.content.contraptions.components.structureMovement.bearing.WindmillBearingTileEntity","yes"
"cyclic:anvil","com.lothrazar.cyclic.block.anvil.TileAnvilAuto","yes"
"cyclic:anvil_magma","com.lothrazar.cyclic.block.anvilmagma.TileAnvilMagma","yes"
"cyclic:battery","com.lothrazar.cyclic.block.battery.TileBattery","yes"
"cyclic:battery_infinite","com.lothrazar.cyclic.block.creativebattery.TileBatteryInfinite","yes"
"cyclic:beacon","com.lothrazar.cyclic.block.beaconpotion.TilePotion","yes"
"cyclic:breaker","com.lothrazar.cyclic.block.breaker.TileBreaker","yes"
"cyclic:cask","com.lothrazar.cyclic.block.tankcask.TileCask","yes"
"cyclic:clock","com.lothrazar.cyclic.block.clock.TileRedstoneClock","yes"
"cyclic:collector","com.lothrazar.cyclic.block.collectitem.TileItemCollector","yes"
"cyclic:collector_fluid","com.lothrazar.cyclic.block.collectfluid.TileFluidCollect","yes"
"cyclic:computer_shape","com.lothrazar.cyclic.block.shapedata.TileShapedata","yes"
"cyclic:conveyor","com.lothrazar.cyclic.block.conveyor.TileConveyor","yes"
"cyclic:crafter","com.lothrazar.cyclic.block.crafter.TileCrafter","yes"
"cyclic:crate","com.lothrazar.cyclic.block.crate.TileCrate","-"
"cyclic:detector_entity","com.lothrazar.cyclic.block.detectorentity.TileDetector","yes"
"cyclic:detector_item","com.lothrazar.cyclic.block.detectoritem.TileDetectorItem","yes"
"cyclic:dice","com.lothrazar.cyclic.block.dice.TileDice","yes"
"cyclic:disenchanter","com.lothrazar.cyclic.block.disenchant.TileDisenchant","yes"
"cyclic:dropper","com.lothrazar.cyclic.block.dropper.TileDropper","yes"
"cyclic:ender_controller","com.lothrazar.cyclic.block.endershelf.TileEnderShelf","-"
"cyclic:ender_shelf","com.lothrazar.cyclic.block.endershelf.TileEnderShelf","-"
"cyclic:energy_pipe","com.lothrazar.cyclic.block.cable.energy.TileCableEnergy","yes"
"cyclic:experience_pylon","com.lothrazar.cyclic.block.expcollect.TileExpPylon","yes"
"cyclic:eye_redstone","com.lothrazar.cyclic.block.eye.TileEye","yes"
"cyclic:eye_teleport","com.lothrazar.cyclic.block.eyetp.TileEyeTp","yes"
"cyclic:fan","com.lothrazar.cyclic.block.fan.TileFan","yes"
"cyclic:fisher","com.lothrazar.cyclic.block.fishing.TileFisher","yes"
"cyclic:fluid_pipe","com.lothrazar.cyclic.block.cable.fluid.TileCableFluid","yes"
"cyclic:forester","com.lothrazar.cyclic.block.forester.TileForester","yes"
"cyclic:harvester","com.lothrazar.cyclic.block.harvester.TileHarvester","yes"
"cyclic:item_infinite","com.lothrazar.cyclic.block.creativeitem.TileItemInfinite","yes"
"cyclic:item_pipe","com.lothrazar.cyclic.block.cable.item.TileCableItem","yes"
"cyclic:laser","com.lothrazar.cyclic.block.laser.TileLaser","yes"
"cyclic:light_camo","com.lothrazar.cyclic.block.lightcompr.TileLightCamo","-"
"cyclic:melter","com.lothrazar.cyclic.block.melter.TileMelter","yes"
"cyclic:miner","com.lothrazar.cyclic.block.miner.TileMiner","yes"
"cyclic:peat_farm","com.lothrazar.cyclic.block.peatfarm.TilePeatFarm","yes"
"cyclic:peat_generator","com.lothrazar.cyclic.block.generatorpeat.TilePeatGenerator","yes"
"cyclic:placer","com.lothrazar.cyclic.block.placer.TilePlacer","yes"
"cyclic:placer_fluid","com.lothrazar.cyclic.block.placerfluid.TilePlacerFluid","yes"
"cyclic:screen","com.lothrazar.cyclic.block.screen.TileScreentext","-"
"cyclic:solidifier","com.lothrazar.cyclic.block.solidifier.TileSolidifier","yes"
"cyclic:soundproofing_ghost","com.lothrazar.cyclic.block.soundmuff.SoundmuffTile","-"
"cyclic:structure","com.lothrazar.cyclic.block.shapebuilder.TileStructure","yes"
"cyclic:tank","com.lothrazar.cyclic.block.tank.TileTank","yes"
"cyclic:terra_preta","com.lothrazar.cyclic.block.soil.TileTerraPreta","yes"
"cyclic:trash","com.lothrazar.cyclic.block.trash.TileTrash","yes"
"cyclic:unbreakable_reactive","com.lothrazar.cyclic.block.bedrock.UnbreakablePoweredTile","yes"
"cyclic:uncrafter","com.lothrazar.cyclic.block.uncrafter.TileUncraft","yes"
"cyclic:user","com.lothrazar.cyclic.block.user.TileUser","yes"
"cyclic:wireless_receiver","com.lothrazar.cyclic.block.wirelessredstone.TileWirelessRec","yes"
"cyclic:wireless_transmitter","com.lothrazar.cyclic.block.wirelessredstone.TileWirelessTransmit","yes"
"cyclic:workbench","com.lothrazar.cyclic.block.workbench.TileWorkbench","-"
"excompressum:auto_compressed_hammer","net.blay09.mods.excompressum.tile.AutoCompressedHammerTileEntity","yes"
"excompressum:auto_compressor","net.blay09.mods.excompressum.tile.AutoCompressorTileEntity","yes"
"excompressum:auto_hammer","net.blay09.mods.excompressum.tile.AutoHammerTileEntity","yes"
"excompressum:auto_heavy_sieve","net.blay09.mods.excompressum.tile.AutoHeavySieveTileEntity","yes"
"excompressum:auto_sieve","net.blay09.mods.excompressum.tile.AutoSieveTileEntity","yes"
"excompressum:bait","net.blay09.mods.excompressum.tile.BaitTileEntity","yes"
"excompressum:evolved_orechid","net.blay09.mods.excompressum.compat.botania.EvolvedOrechidTileEntity","yes"
"excompressum:heavy_sieve","net.blay09.mods.excompressum.tile.HeavySieveTileEntity","yes"
"excompressum:mana_sieve","net.blay09.mods.excompressum.tile.ManaSieveTileEntity","yes"
"excompressum:rationing_auto_compressor","net.blay09.mods.excompressum.tile.RationingAutoCompressorTileEntity","yes"
"excompressum:wooden_crucible","net.blay09.mods.excompressum.tile.WoodenCrucibleTileEntity","yes"
"exnihilosequentia:barrel_stone","novamachina.exnihilosequentia.common.tileentity.barrel.StoneBarrelTile","yes"
"exnihilosequentia:barrel_wood","novamachina.exnihilosequentia.common.tileentity.barrel.WoodBarrelTile","yes"
"exnihilosequentia:crucible_unfired","novamachina.exnihilosequentia.common.tileentity.crucible.FiredCrucibleTile","yes"
"exnihilosequentia:crucible_wood","novamachina.exnihilosequentia.common.tileentity.crucible.WoodCrucibleTile","yes"
"exnihilosequentia:infested_leaves","novamachina.exnihilosequentia.common.tileentity.InfestedLeavesTile","yes"
"exnihilosequentia:infesting_leaves","novamachina.exnihilosequentia.common.tileentity.InfestingLeavesTile","yes"
"exnihilosequentia:sieve","novamachina.exnihilosequentia.common.tileentity.SieveTile","-"
"extendedcrafting:advanced_auto_table","com.blakebr0.extendedcrafting.tileentity.AutoTableTileEntity$Advanced","yes"
"extendedcrafting:advanced_table","com.blakebr0.extendedcrafting.tileentity.AdvancedTableTileEntity","-"
"extendedcrafting:basic_auto_table","com.blakebr0.extendedcrafting.tileentity.AutoTableTileEntity$Basic","yes"
"extendedcrafting:basic_table","com.blakebr0.extendedcrafting.tileentity.BasicTableTileEntity","-"
"extendedcrafting:compressor","com.blakebr0.extendedcrafting.tileentity.CompressorTileEntity","yes"
"extendedcrafting:crafting_core","com.blakebr0.extendedcrafting.tileentity.CraftingCoreTileEntity","yes"
"extendedcrafting:elite_auto_table","com.blakebr0.extendedcrafting.tileentity.AutoTableTileEntity$Elite","yes"
"extendedcrafting:elite_table","com.blakebr0.extendedcrafting.tileentity.EliteTableTileEntity","-"
"extendedcrafting:ender_crafter","com.blakebr0.extendedcrafting.tileentity.EnderCrafterTileEntity","yes"
"extendedcrafting:pedestal","com.blakebr0.extendedcrafting.tileentity.PedestalTileEntity","-"
"extendedcrafting:ultimate_auto_table","com.blakebr0.extendedcrafting.tileentity.AutoTableTileEntity$Ultimate","yes"
"extendedcrafting:ultimate_table","com.blakebr0.extendedcrafting.tileentity.UltimateTableTileEntity","-"
"ftbquests:banner","com.feed_the_beast.ftbquests.block.entity.BannerBlockEntity","-"
"ftbquests:barrier","com.feed_the_beast.ftbquests.block.entity.QuestBarrierBlockEntity","yes"
"minecraft:banner","net.minecraft.tileentity.BannerTileEntity","-"
"minecraft:barrel","net.minecraft.tileentity.BarrelTileEntity","-"
"minecraft:beacon","net.minecraft.tileentity.BeaconTileEntity","yes"
"minecraft:bed","net.minecraft.tileentity.BedTileEntity","-"
"minecraft:beehive","net.minecraft.tileentity.BeehiveTileEntity","yes"
"minecraft:bell","net.minecraft.tileentity.BellTileEntity","yes"
"minecraft:blast_furnace","net.minecraft.tileentity.BlastFurnaceTileEntity","yes"
"minecraft:brewing_stand","net.minecraft.tileentity.BrewingStandTileEntity","yes"
"minecraft:campfire","net.minecraft.tileentity.CampfireTileEntity","yes"
"minecraft:chest","net.minecraft.tileentity.ChestTileEntity","yes"
"minecraft:command_block","net.minecraft.tileentity.CommandBlockTileEntity","-"
"minecraft:comparator","net.minecraft.tileentity.ComparatorTileEntity","-"
"minecraft:conduit","net.minecraft.tileentity.ConduitTileEntity","yes"
"minecraft:daylight_detector","net.minecraft.tileentity.DaylightDetectorTileEntity","yes"
"minecraft:dispenser","net.minecraft.tileentity.DispenserTileEntity","-"
"minecraft:dropper","net.minecraft.tileentity.DropperTileEntity","-"
"minecraft:enchanting_table","net.minecraft.tileentity.EnchantingTableTileEntity","yes"
"minecraft:end_gateway","net.minecraft.tileentity.EndGatewayTileEntity","yes"
"minecraft:end_portal","net.minecraft.tileentity.EndPortalTileEntity","-"
"minecraft:ender_chest","net.minecraft.tileentity.EnderChestTileEntity","yes"
"minecraft:furnace","net.minecraft.tileentity.FurnaceTileEntity","yes"
"minecraft:hopper","net.minecraft.tileentity.HopperTileEntity","yes"
"minecraft:jigsaw","net.minecraft.tileentity.JigsawTileEntity","-"
"minecraft:jukebox","net.minecraft.tileentity.JukeboxTileEntity","-"
"minecraft:lectern","net.minecraft.tileentity.LecternTileEntity","-"
"minecraft:mob_spawner","net.minecraft.tileentity.MobSpawnerTileEntity","yes"
"minecraft:piston","net.minecraft.tileentity.PistonTileEntity","yes"
"minecraft:shulker_box","net.minecraft.tileentity.ShulkerBoxTileEntity","yes"
"minecraft:sign","net.minecraft.tileentity.SignTileEntity","-"
"minecraft:skull","net.minecraft.tileentity.SkullTileEntity","yes"
"minecraft:smoker","net.minecraft.tileentity.SmokerTileEntity","yes"
"minecraft:structure_block","net.minecraft.tileentity.StructureBlockTileEntity","-"
"minecraft:trapped_chest","net.minecraft.tileentity.TrappedChestTileEntity","yes"
"quark:chute","vazkii.quark.content.automation.tile.ChuteTileEntity","-"
"quark:cloud","vazkii.quark.content.tools.tile.CloudTileEntity","yes"
"quark:crate","vazkii.quark.addons.oddities.tile.CrateTileEntity","yes"
"quark:ender_watcher","vazkii.quark.content.automation.tile.EnderWatcherTileEntity","yes"
"quark:feeding_trough","vazkii.quark.content.automation.tile.FeedingTroughTileEntity","yes"
"quark:magnet","vazkii.quark.addons.oddities.tile.MagnetTileEntity","yes"
"quark:magnetized_block","vazkii.quark.addons.oddities.tile.MagnetizedBlockTileEntity","yes"
"quark:matrix_enchanting","vazkii.quark.addons.oddities.tile.MatrixEnchantingTableTileEntity","yes"
"quark:monster_box","vazkii.quark.content.world.tile.MonsterBoxTileEntity","yes"
"quark:pipe","vazkii.quark.addons.oddities.tile.PipeTileEntity","yes"
"quark:variant_chest","vazkii.quark.content.building.tile.VariantChestTileEntity","yes"
"quark:variant_trapped_chest","vazkii.quark.content.building.tile.VariantTrappedChestTileEntity","yes"
"quark:weather_sensor","vazkii.quark.content.automation.tile.WeatherSensorTileEntity","yes"
"tconstruct:basin","slimeknights.tconstruct.smeltery.tileentity.CastingTileEntity$Basin","yes"
"tconstruct:cast_chest","slimeknights.tconstruct.tables.tileentity.chest.CastChestTileEntity","-"
"tconstruct:channel","slimeknights.tconstruct.smeltery.tileentity.ChannelTileEntity","yes"
"tconstruct:chute","slimeknights.tconstruct.smeltery.tileentity.SmelteryInputOutputTileEntity$ChuteTileEntity","-"
"tconstruct:crafting_station","slimeknights.tconstruct.tables.tileentity.table.CraftingStationTileEntity","-"
"tconstruct:drain","slimeknights.tconstruct.smeltery.tileentity.DrainTileEntity","-"
"tconstruct:duct","slimeknights.tconstruct.smeltery.tileentity.DuctTileEntity","-"
"tconstruct:faucet","slimeknights.tconstruct.smeltery.tileentity.FaucetTileEntity","yes"
"tconstruct:heater","slimeknights.tconstruct.smeltery.tileentity.HeaterTileEntity","-"
"tconstruct:melter","slimeknights.tconstruct.smeltery.tileentity.MelterTileEntity","yes"
"tconstruct:modifier_chest","slimeknights.tconstruct.tables.tileentity.chest.ModifierChestTileEntity","-"
"tconstruct:part_builder","slimeknights.tconstruct.tables.tileentity.table.PartBuilderTileEntity","-"
"tconstruct:part_chest","slimeknights.tconstruct.tables.tileentity.chest.PartChestTileEntity","-"
"tconstruct:smeltery","slimeknights.tconstruct.smeltery.tileentity.SmelteryTileEntity","yes"
"tconstruct:smeltery_component","slimeknights.tconstruct.smeltery.tileentity.SmelteryComponentTileEntity","-"
"tconstruct:table","slimeknights.tconstruct.smeltery.tileentity.CastingTileEntity$Table","yes"
"tconstruct:tank","slimeknights.tconstruct.smeltery.tileentity.TankTileEntity","-"
"tconstruct:tinker_station","slimeknights.tconstruct.tables.tileentity.table.tinkerstation.TinkerStationTileEntity","-"
"thermal:charge_bench","cofh.thermal.core.tileentity.workbench.ChargeBenchTile","yes"
"thermal:device_collector","cofh.thermal.core.tileentity.device.DeviceCollectorTile","yes"
"thermal:device_hive_extractor","cofh.thermal.core.tileentity.device.DeviceHiveExtractorTile","-"
"thermal:device_nullifier","cofh.thermal.core.tileentity.device.DeviceNullifierTile","-"
"thermal:device_potion_diffuser","cofh.thermal.core.tileentity.device.DevicePotionDiffuserTile","yes"
"thermal:device_rock_gen","cofh.thermal.core.tileentity.device.DeviceRockGenTile","yes"
"thermal:device_tree_extractor","cofh.thermal.core.tileentity.device.DeviceTreeExtractorTile","yes"
"thermal:device_water_gen","cofh.thermal.core.tileentity.device.DeviceWaterGenTile","yes"
"thermal:dynamo_compression","cofh.thermal.expansion.tileentity.dynamo.DynamoCompressionTile","yes"
"thermal:dynamo_lapidary","cofh.thermal.expansion.tileentity.dynamo.DynamoLapidaryTile","yes"
"thermal:dynamo_magmatic","cofh.thermal.expansion.tileentity.dynamo.DynamoMagmaticTile","yes"
"thermal:dynamo_numismatic","cofh.thermal.expansion.tileentity.dynamo.DynamoNumismaticTile","yes"
"thermal:dynamo_stirling","cofh.thermal.expansion.tileentity.dynamo.DynamoStirlingTile","yes"
"thermal:energy_cell","cofh.thermal.core.tileentity.storage.EnergyCellTile","yes"
"thermal:fluid_cell","cofh.thermal.core.tileentity.storage.FluidCellTile","yes"
"thermal:machine_bottler","cofh.thermal.expansion.tileentity.machine.MachineBottlerTile","yes"
"thermal:machine_brewer","cofh.thermal.expansion.tileentity.machine.MachineBrewerTile","yes"
"thermal:machine_centrifuge","cofh.thermal.expansion.tileentity.machine.MachineCentrifugeTile","yes"
"thermal:machine_chiller","cofh.thermal.expansion.tileentity.machine.MachineChillerTile","yes"
"thermal:machine_crafter","cofh.thermal.expansion.tileentity.machine.MachineCrafterTile","yes"
"thermal:machine_crucible","cofh.thermal.expansion.tileentity.machine.MachineCrucibleTile","yes"
"thermal:machine_furnace","cofh.thermal.expansion.tileentity.machine.MachineFurnaceTile","yes"
"thermal:machine_insolator","cofh.thermal.expansion.tileentity.machine.MachineInsolatorTile","yes"
"thermal:machine_press","cofh.thermal.expansion.tileentity.machine.MachinePressTile","yes"
"thermal:machine_pulverizer","cofh.thermal.expansion.tileentity.machine.MachinePulverizerTile","yes"
"thermal:machine_pyrolyzer","cofh.thermal.expansion.tileentity.machine.MachinePyrolyzerTile","yes"
"thermal:machine_refinery","cofh.thermal.expansion.tileentity.machine.MachineRefineryTile","yes"
"thermal:machine_sawmill","cofh.thermal.expansion.tileentity.machine.MachineSawmillTile","yes"
"thermal:machine_smelter","cofh.thermal.expansion.tileentity.machine.MachineSmelterTile","yes"
"thermal:tinker_bench","cofh.thermal.core.tileentity.workbench.TinkerBenchTile","yes"
